﻿<?xml version="1.0" encoding="utf-8" ?>
<addonManifest xmlns:xsd="http://www.w3.org/2001/XMLSchema"
               xmlns:xsi="http://www.w3.org/2001/XMLSchema-instance"
               xmlns="http://schemas.apprenda.com/AddonManifest"
               name="Google Cloud Addon"
               description="Manages buckets in Google Cloud storage"
               deploymentNotes="Configured to work in Apprenda 6.0"
               developerHelp=""
               vendor="Apprenda"
               author="Jazmine Olinger"
               version="1.0.0"
               provisioningUsername=""
               provisioningPassword=""
               provisioningLocation=""
               manifestVersion="2">
  <properties>
    <property key="ProjectID" displayName="project ID" description="Required - please supply the google cloud project ID" value=""/>
    <property key="Email" displayName="Service account email" description="Required - please supply an the service account email" value=""/>    
    <property key="CertFile" displayName="Certificate File" description="Required - please supply the path to the certificate file" value="" />
    <property key="DefaultBucketName" displayName="Bucket Name" description="Default name of the bucket. Should be overridden during provisioning." value="" />
  </properties>
  <parameters allowUserDefinedParameters="true">
    <parameter key="BucketName" displayName ="Bucket Name" isRequired="true" isEncrypted ="false" description="Name of the bucket to create" />
  </parameters>
</addonManifest>